{"boundaryID": "KAZ-ADM2-9891525", "boundaryISO": "KAZ", "boundaryYear": "2017", "boundaryType": "ADM2", "boundarySource": "OpenStreetMap, Wambacher", "boundaryCanonical": "District", "boundaryLicense": "Open Data Commons Open Database License 1.0", "licenseDetail": "Open Data Commons Open Database License 1.0", "licenseSource": "https//www.openstreetmap.org/copyright", "boundarySourceURL": "https//wambachers-osm.website/boundaries/", "sourceDataUpdateDate": "Thu Jan 19 07:31:04 2023", "buildDate": "Jan 23, 2023", "admUnitCount": "174", "meanVertices": "130.0", "minVertices": "21", "maxVertices": "682", "meanPerimeterLengthKM": "870.3554851608862", "maxPerimeterLengthKM": "2292.1681719451803", "minPerimeterLengthKM": "107.18489739041229", "meanAreaSqKM": "15692.742931103463", "minAreaSqKM": "282.7134404702427", "maxAreaSqKM": "128664.20059359373"}