{"boundaryID": "KAZ-ADM0-12445969", "boundaryISO": "KAZ", "boundaryYear": "2017", "boundaryType": "ADM0", "boundarySource": "OpenStreetMap, Wambacher", "boundaryCanonical": "", "boundaryLicense": "Open Data Commons Open Database License 1.0", "licenseDetail": "Open Data Commons Open Database License 1.0", "licenseSource": "https//www.openstreetmap.org/copyright", "boundarySourceURL": "https//wambachers-osm.website/boundaries/", "sourceDataUpdateDate": "Thu Jan 19 07:31:04 2023", "buildDate": "Jan 23, 2023", "admUnitCount": "1", "meanVertices": "53977.0", "minVertices": "53977", "maxVertices": "53977", "meanPerimeterLengthKM": "20940.19642637488", "maxPerimeterLengthKM": "20940.19642637488", "minPerimeterLengthKM": "20940.19642637488", "meanAreaSqKM": "2706684.552700483", "minAreaSqKM": "2706684.552700483", "maxAreaSqKM": "2706684.552700483"}