{"boundaryID": "KAZ-ADM1-16772668", "boundaryISO": "KAZ", "boundaryYear": "2017", "boundaryType": "ADM1", "boundarySource": "OpenStreetMap, Wambacher", "boundaryCanonical": "", "boundaryLicense": "Open Data Commons Open Database License 1.0", "licenseDetail": "Open Data Commons Open Database License 1.0", "licenseSource": "https//www.openstreetmap.org/copyright", "boundarySourceURL": "https//wambachers-osm.website/boundaries/", "sourceDataUpdateDate": "Thu Jan 19 07:31:04 2023", "buildDate": "Jan 23, 2023", "admUnitCount": "16", "meanVertices": "4178.0", "minVertices": "589", "maxVertices": "16019", "meanPerimeterLengthKM": "3339.161785014867", "maxPerimeterLengthKM": "5541.461843874681", "minPerimeterLengthKM": "230.46127783164255", "meanAreaSqKM": "169167.78454378108", "minAreaSqKM": "704.0259098358467", "maxAreaSqKM": "427701.989370161"}